RIGHT_THUMB_ANGLE_DIP,RIGHT_THUMB_ANGLE_DIP_SELECT,RIGHT_THUMB_ANGLE_DIP_CURVE,RIGHT_INDEX_FINGER_ANGLE_DIP,RIGHT_INDEX_FINGER_ANGLE_DIP_SELECT,RIGHT_INDEX_FINGER_ANGLE_DIP_CURVE,RIGHT_MIDDLE_FINGER_ANGLE_DIP,RIGHT_MIDDLE_FINGER_ANGLE_DIP_SELECT,RIGHT_MIDDLE_FINGER_ANGLE_DIP_CURVE,RIGHT_RING_FINGER_ANGLE_DIP,RIGHT_RING_FINGER_ANGLE_DIP_SELECT,RIGHT_RING_FINGER_ANGLE_DIP_CURVE,RIGHT_PINKY_ANGLE_DIP,RIGHT_PINKY_ANGLE_DIP_SELECT,RIGHT_PINKY_ANGLE_DIP_CURVE,RIGHT_PALM/BACK,RIGHT_PALM/BACK_SCORE,RIGHT_TIPS/WRIST,RIGHT_TIPS/WRIST_SCORE,RIGHT_RADIAL/URNAL,RIGHT_RADIAL/URNAL_SCORE,RIGHT_EAR,RIGHT_SHOULDER,RIGHT_MOUTH,RIGHT_EYE,RIGHT_NOSE,RIGHT_CHEST,RIGHT_ARM,RIGHT_HIP,RIGHT_SETTING_LABEL,RIGHT_SETTING_SCORE,LEFT_THUMB_ANGLE_DIP,LEFT_THUMB_ANGLE_DIP_SELECT,LEFT_THUMB_ANGLE_DIP_CURVE,LEFT_INDEX_FINGER_ANGLE_DIP,LEFT_INDEX_FINGER_ANGLE_DIP_SELECT,LEFT_INDEX_FINGER_ANGLE_DIP_CURVE,LEFT_MIDDLE_FINGER_ANGLE_DIP,LEFT_MIDDLE_FINGER_ANGLE_DIP_SELECT,LEFT_MIDDLE_FINGER_ANGLE_DIP_CURVE,LEFT_RING_FINGER_ANGLE_DIP,LEFT_RING_FINGER_ANGLE_DIP_SELECT,LEFT_RING_FINGER_ANGLE_DIP_CURVE,LEFT_PINKY_ANGLE_DIP,LEFT_PINKY_ANGLE_DIP_SELECT,LEFT_PINKY_ANGLE_DIP_CURVE,LEFT_PALM/BACK,LEFT_PALM/BACK_SCORE,LEFT_TIPS/WRIST,LEFT_TIPS/WRIST_SCORE,LEFT_RADIAL/URNAL,LEFT_RADIAL/URNAL_SCORE,LEFT_SHOULDER,LEFT_EAR,LEFT_CHEST,LEFT_MOUTH,LEFT_EYE,LEFT_NOSE,LEFT_ARM,LEFT_HIP,RIGHT_CURVE_LABEL,RIGHT_CURVE_SCORE,IN_FRONT_LABEL,IN_FRONT_SCORE,ABOVE/BELOW_LABEL,ABOVE/BELOW_SCORE,LEFT_SETTING_LABEL,LEFT_SETTING_SCORE,LEFT_REPETITION_LABEL,LEFT_REPETITION_SCORE,LEFT_CURVE_LABEL,LEFT_CURVE_SCORE
,,,,,,,,,,,,,,,,,,,,,,,,,,,,,,,,,,,,,,,,,,,,,,,,,,,,,,,,,,,,,,,,,,,,,,,
,,,,,,,,,,,,,,,,,,,,,,,,,,,,,,,,,,,,,,,,,,,,,,,,,,,,,,,,,,,,,,,,,,,,,,,
,,,,,,,,,,,,,,,,,,,,,,,,,,,,,,,,,,,,,,,,,,,,,,,,,,,,,,,,,,,,,,,,,,,,,,,
,,,,,,,,,,,,,,,,,,,,,,,,,,,,,,,,,,,,,,,,,,,,,,,,,,,,,,,,,,,,,,,,,,,,,,,
,,,,,,,,,,,,,,,,,,,,,,,,,,,,,,,,,,,,,,,,,,,,,,,,,,,,,,,,,,,,,,,,,,,,,,,
,,,,,,,,,,,,,,,,,,,,,,,,,,,,,,,,,,,,,,,,,,,,,,,,,,,,,,,,,,,,,,,,,,,,,,,
,,,,,,,,,,,,,,,,,,,,,,,,,,,,,,,,,,,,,,,,,,,,,,,,,,,,,,,,,,,,,,,,,,,,,,,
,,,,,,,,,,,,,,,,,,,,,,,,,,,,,,,,,,,,,,,,,,,,,,,,,,,,,,,,,,,,,,,,,,,,,,,
,,,,,,,,,,,,,,,,,,,,,,,,,,,,,,,,,,,,,,,,,,,,,,,,,,,,,,,,,,,,,,,,,,,,,,,
,,,,,,,,,,,,,,,,,,,,,,,,,,,,,,,,,,,,,,,,,,,,,,,,,,,,,,,,,,,,,,,,,,,,,,,
,,,,,,,,,,,,,,,,,,,,,,,,,,,,,,,,,,,,,,,,,,,,,,,,,,,,,,,,,,,,,,,,,,,,,,,
,,,,,,,,,,,,,,,,,,,,,,,,,,,,,,,,,,,,,,,,,,,,,,,,,,,,,,,,,,,,,,,,,,,,,,,
,,,,,,,,,,,,,,,,,,,,,,,,,,,,,,,,,,,,,,,,,,,,,,,,,,,,,,,,,,,,,,,,,,,,,,,
,,,,,,,,,,,,,,,,,,,,,,,,,,,,,,,,,,,,,,,,,,,,,,,,,,,,,,,,,,,,,,,,,,,,,,,
0.9624969978245798,True,True,0.9900485742856876,True,True,0.9939675577880914,True,True,0.9854526183642255,True,True,0.9839258760437559,True,True,back,-0.23063874317950198,tips,0.04713583935542543,urnal,0.21740355215416368,0.0,0.23003672277320839,0.26074633830755745,0.2939726079286895,0.3500637143823223,0.5865739939729882,0.6317920582423946,0.9999999999999999,,,,,,,,,,,,,,,,,,,,,,,,,,,,,,,,,,,,,,,,,,,
0.9305010464048684,True,True,0.9697119688991009,True,True,0.9810256447006428,True,True,0.9503287413124505,True,True,0.9347435741215276,True,True,palm,0.061634104306986036,wrist,-0.20403909763378572,radial,0.12551414815639692,0.0,0.2231068287554877,0.29429609514489063,0.309213977212659,0.38049214940404064,0.5944680231680306,0.6321707984385324,1.0,,,,,,,,,,,,,,,,,,,,,,,,,,,,,,,,,,,,,,,,,,,
0.9855355527796159,True,True,0.973039833507805,True,True,0.9518835495035358,True,True,0.9372355814261394,True,True,0.932794133039698,True,True,back,-0.04231277806233504,wrist,-0.19374754194818433,radial,0.0866620171958319,0.0,0.22128850440514256,0.29470431739119796,0.3083427679554258,0.36955445253998176,0.5961121942310285,0.6253805279895837,0.9999999999999998,low,-0.03767614989053636,,,,,,,,,,,,,,,,,,,,,,,,,,,,,,,,,,,,,,,,,
0.981693093306344,True,True,0.9798716161745135,True,True,0.9698901166569333,True,True,0.9440213304340396,True,True,0.9497408918794079,True,True,back,-0.04355922337052498,wrist,-0.16026131672100208,radial,0.0916121302317417,0.0,0.23014400491890738,0.2970488896470116,0.3066093612629901,0.37539387451347994,0.6012309947114058,0.6185023039977151,0.9999999999999999,high,0.012968900657835514,,,,,,,,,,,,,,,,,,,,,,,,,,,,,,,,,,,,,,,,,
0.9300834126630291,True,True,0.9906764433068191,True,True,0.99356109470195,True,True,0.9863111097821856,True,True,0.9724220818171095,True,True,palm,0.11263600556140507,tips,0.013497461652674275,urnal,0.08968261714871194,0.0,0.2529994921318641,0.2858106674308182,0.29235880339676645,0.363273704819816,0.605544564853481,0.6263656957540837,0.9999999999999999,high,0.060721743674505335,,,,,,,,,,,,,,,,,,,,,,,,,,,,,,,,,,,,,,,,,
0.9197340214719429,True,True,0.995271835729381,True,True,0.9915840765100856,True,True,0.9832993259317878,True,True,0.976300432106253,True,True,palm,0.21572025220789334,tips,0.011789170227822351,urnal,0.13417496900771986,0.0,0.27812961208126186,0.2740861020041203,0.2574155884995396,0.3210034058154082,0.6127485626213354,0.6392035519652564,1.0000000000000002,high,0.053890455336797816,,,,,,,,,,,,,,,,,,,,,,,,,,,,,,,,,,,,,,,,,
0.9139570748380685,True,True,0.9850597803617372,True,True,0.9780018405730011,True,True,0.9700350622636945,True,True,0.9656644100013493,True,True,palm,0.08866662810930465,wrist,-0.03326567945455951,radial,0.17056435126461789,0.0,0.2864079407236897,0.27440856826700444,0.26509221977421094,0.3392201274629837,0.6086254604390247,0.6211494786785551,1.0,low,-0.004815348557063559,,,,,,,,,,,,,,,,,,,,,,,,,,,,,,,,,,,,,,,,,
0.8950397123222416,True,True,0.9917652826433059,True,True,0.982756399052633,True,True,0.9856459678589402,True,True,0.9760148061144375,True,True,palm,0.06807765998959528,wrist,-0.023468331970526668,radial,0.1914783183437496,0.0,0.2635561107449636,0.2873795273443393,0.29554908183494283,0.37106153984784523,0.5955392971918803,0.6090601397046074,1.0000000000000002,low,-0.006412164086387229,,,,,,,,,,,,,,,,,,,,,,,,,,,,,,,,,,,,,,,,,
0.724623475388221,True,False,0.9940742659031004,True,True,0.9864052090712704,True,True,0.946424508956969,True,True,0.9442467017554165,True,True,back,-0.12988930122588943,tips,0.05726479744138413,urnal,0.20130010423114708,0.0,0.2645839016614515,0.2776261413107116,0.291184324073943,0.35948647160001335,0.5912842296848474,0.6135628784875461,1.0,low,-0.04996477706091751,,,,,,,,,,,,,,,,,,,,,,,,,,,,,,,,,,,,,,,,,
0.7026396407709337,True,False,0.9888644828188389,True,True,0.9407999041869048,True,True,0.8910458450711504,True,True,0.9182362648106821,True,True,back,-0.6372540588563207,tips,0.19096827049366807,urnal,0.2058670053422569,0.0,0.19886245650907217,0.3403131541097373,0.37631408281547307,0.45074911045135424,0.5643216554767158,0.6058232726632573,1.0,low,-0.07002932968593778,,,,,,,,,,,,,,,,,,,,,,,,,,,,,,,,,,,,,,,,,
0.7026396407709337,True,False,0.9888644828188389,True,True,0.9407999041869048,True,True,0.8910458450711504,True,True,0.9182362648106821,True,True,back,-0.6372540588563207,tips,0.19096827049366807,urnal,0.2058670053422569,0.0,0.19886245650907217,0.3403131541097373,0.37631408281547307,0.45074911045135424,0.5643216554767158,0.6058232726632573,1.0,low,-0.07002932968593778,,,,,,,,,,,,,,,,,,,,,,,,,,,,,,,,,,,,,,,,,
0.8710185116250617,True,False,0.9970347555230394,True,True,0.9841733276203481,True,True,0.9331309322196584,True,True,0.8813452842083431,True,False,back,-0.71407397232696,wrist,-0.11112722606345614,radial,-0.2936814794016085,0.16101988201924872,0.0,0.5335881956208937,0.6453130776478065,0.7225466987310365,0.4597797150614167,0.8747907007255828,1.0,low,-0.2318823053723289,0.8447585055626567,True,False,0.9726344280980874,True,True,0.987259055276329,True,True,0.9902394279796435,True,True,0.953443273808499,True,True,palm,-0.43059720299618176,wrist,-0.18925309782129962,radial,-0.4900975034096381,0.0,0.17747480114019937,0.4560843598692204,0.5621260304383549,0.6758765411721241,0.7553049147315023,0.9014494508135311,1.0000000000000002,,,,,,,,,,,,
0.5229233000787405,True,False,0.9871486926677286,True,True,0.7438076857307062,True,False,0.7025421098588891,True,False,0.6878279908573852,True,False,back,-1.0740878457734855,wrist,-0.04028075409098705,radial,-0.11815388932036461,0.31110836721671903,0.0,0.614000593211548,0.7480449446050803,0.8056904249772321,0.4490836853086943,0.7331632741772247,0.9999999999999998,low,-0.08474363315673106,0.8447585055626567,True,False,0.9726344280980874,True,True,0.987259055276329,True,True,0.9902394279796435,True,True,0.953443273808499,True,True,palm,-0.43059720299618176,wrist,-0.18925309782129962,radial,-0.4900975034096381,0.0,0.17747480114019937,0.4560843598692204,0.5621260304383549,0.6758765411721241,0.7553049147315023,0.9014494508135311,1.0000000000000002,,,,,,,,,,,,
0.5489172162955759,True,False,0.983910474790062,True,True,0.7310485485726894,True,False,0.6977385839468875,True,False,0.6915587388044369,True,False,back,-1.2490479461423916,tips,0.021913519886051218,urnal,-0.006139254495796931,0.3466623361343672,0.0,0.6321977111053774,0.7653392707812268,0.8238030789483881,0.44109667828851845,0.7521700071234436,0.9999999999999998,low,-0.030280570189158085,0.8447585055626567,True,False,0.9726344280980874,True,True,0.987259055276329,True,True,0.9902394279796435,True,True,0.953443273808499,True,True,palm,-0.43059720299618176,wrist,-0.18925309782129962,radial,-0.4900975034096381,0.0,0.17747480114019937,0.4560843598692204,0.5621260304383549,0.6758765411721241,0.7553049147315023,0.9014494508135311,1.0000000000000002,,,,,,,,,,,,
0.5489172162955759,True,False,0.983910474790062,True,True,0.7310485485726894,True,False,0.6977385839468875,True,False,0.6915587388044369,True,False,back,-1.2490479461423916,tips,0.021913519886051218,urnal,-0.006139254495796931,0.3466623361343672,0.0,0.6321977111053774,0.7653392707812268,0.8238030789483881,0.44109667828851845,0.7521700071234436,0.9999999999999998,low,-0.030280570189158085,0.8447585055626567,True,False,0.9726344280980874,True,True,0.987259055276329,True,True,0.9902394279796435,True,True,0.953443273808499,True,True,palm,-0.43059720299618176,wrist,-0.18925309782129962,radial,-0.4900975034096381,0.0,0.17747480114019937,0.4560843598692204,0.5621260304383549,0.6758765411721241,0.7553049147315023,0.9014494508135311,1.0000000000000002,,,,,,,,,,,,
0.5489172162955759,True,False,0.983910474790062,True,True,0.7310485485726894,True,False,0.6977385839468875,True,False,0.6915587388044369,True,False,back,-1.2490479461423916,tips,0.021913519886051218,urnal,-0.006139254495796931,0.3466623361343672,0.0,0.6321977111053774,0.7653392707812268,0.8238030789483881,0.44109667828851845,0.7521700071234436,0.9999999999999998,low,-0.030280570189158085,0.8447585055626567,True,False,0.9726344280980874,True,True,0.987259055276329,True,True,0.9902394279796435,True,True,0.953443273808499,True,True,palm,-0.43059720299618176,wrist,-0.18925309782129962,radial,-0.4900975034096381,0.0,0.17747480114019937,0.4560843598692204,0.5621260304383549,0.6758765411721241,0.7553049147315023,0.9014494508135311,1.0000000000000002,,,,,,,,,,,,
0.34478579605508275,False,False,0.9759385078892666,True,True,0.8441104663619357,True,False,0.805497152201972,True,False,0.7211720096675808,True,False,back,-1.0596749662386882,tips,0.008370340619440092,urnal,0.00805393626831414,0.348602654940272,0.0,0.5727195475690051,0.7173278545047446,0.7571462722423333,0.41429905465644945,0.7857816875646414,1.0,low,-0.04992819400060744,0.8447585055626567,True,False,0.9726344280980874,True,True,0.987259055276329,True,True,0.9902394279796435,True,True,0.953443273808499,True,True,palm,-0.43059720299618176,wrist,-0.18925309782129962,radial,-0.4900975034096381,0.0,0.17747480114019937,0.4560843598692204,0.5621260304383549,0.6758765411721241,0.7553049147315023,0.9014494508135311,1.0000000000000002,,,,,,,,,,,,
0.39888325009948705,False,False,0.9771733392168188,True,True,0.7404979496171316,True,False,0.7712352890958191,True,False,0.7077640830942978,True,False,back,-1.2162752374431436,wrist,-0.20215198267289636,radial,-0.05770031731957062,0.2487707790516288,0.0,0.5071770934321026,0.6357667566214319,0.6847839806901861,0.43384929225120794,0.8452386238648849,0.9999999999999999,high,0.04375769410814556,0.8447585055626567,True,False,0.9726344280980874,True,True,0.987259055276329,True,True,0.9902394279796435,True,True,0.953443273808499,True,True,palm,-0.43059720299618176,wrist,-0.18925309782129962,radial,-0.4900975034096381,0.0,0.17747480114019937,0.4560843598692204,0.5621260304383549,0.6758765411721241,0.7553049147315023,0.9014494508135311,1.0000000000000002,,,,,,,,,,,,
0.7022255596605079,True,False,0.9953895448448525,True,True,0.7911280285446892,True,False,0.759325804221581,True,False,0.7958494884022079,True,False,back,-1.3207770513157586,wrist,-0.039370430331333396,radial,0.010504612183410665,0.16761031660958678,0.0,0.4319684132653634,0.5538872073056252,0.6033251670027014,0.45368724962683893,0.7258333946092831,1.0,high,0.04251920893078753,0.8447585055626567,True,False,0.9726344280980874,True,True,0.987259055276329,True,True,0.9902394279796435,True,True,0.953443273808499,True,True,palm,-0.43059720299618176,wrist,-0.18925309782129962,radial,-0.4900975034096381,0.0,0.17747480114019937,0.4560843598692204,0.5621260304383549,0.6758765411721241,0.7553049147315023,0.9014494508135311,1.0000000000000002,,,,,,,,,,,,
0.7818389377494015,True,False,0.9860614215349012,True,True,0.9493727059413359,True,True,0.8568823095044011,True,False,0.6709163952274539,True,False,back,-1.1592521379658016,wrist,-0.0451918446507582,radial,0.13742487338236078,0.03883213049240353,0.0,0.32547729752477433,0.4341964008568708,0.48432007264053617,0.4658577210972305,0.7099521888753766,1.0,high,0.06466540552320932,0.8447585055626567,True,False,0.9726344280980874,True,True,0.987259055276329,True,True,0.9902394279796435,True,True,0.953443273808499,True,True,palm,-0.43059720299618176,wrist,-0.18925309782129962,radial,-0.4900975034096381,0.0,0.17747480114019937,0.4560843598692204,0.5621260304383549,0.6758765411721241,0.7553049147315023,0.9014494508135311,1.0000000000000002,,,,,,,,,,,,
0.880708699669139,True,False,0.9727179062540617,True,True,0.9294005932663398,True,True,0.9938386723095969,True,True,0.9826057229361552,True,True,back,-0.9829017886393254,wrist,-0.037103206577075186,radial,0.4084393766760543,0.0,0.07486172739569708,0.31217343609074205,0.39652951386357066,0.4528133094790178,0.5126759636208655,0.5835620038748863,1.0,high,0.08934102171943303,0.8447585055626567,True,False,0.9726344280980874,True,True,0.987259055276329,True,True,0.9902394279796435,True,True,0.953443273808499,True,True,palm,-0.43059720299618176,wrist,-0.18925309782129962,radial,-0.4900975034096381,0.0,0.17747480114019937,0.4560843598692204,0.5621260304383549,0.6758765411721241,0.7553049147315023,0.9014494508135311,1.0000000000000002,,,,,,,,,,,,
0.8121262235164711,True,False,0.9669704124354551,True,True,0.9419814547079307,True,True,0.9606000414052386,True,True,0.9574153916858668,True,True,back,-0.756913305576334,tips,0.026725867748961556,urnal,0.44595720161151514,0.0,0.14558097865310932,0.29729071142055896,0.3606861734230648,0.4169023364767482,0.5462721325076707,0.5937962000040884,1.0,high,0.019041333879743272,0.8447585055626567,True,False,0.9726344280980874,True,True,0.987259055276329,True,True,0.9902394279796435,True,True,0.953443273808499,True,True,palm,-0.43059720299618176,wrist,-0.18925309782129962,radial,-0.4900975034096381,0.0,0.17747480114019937,0.4560843598692204,0.5621260304383549,0.6758765411721241,0.7553049147315023,0.9014494508135311,1.0000000000000002,,,,,,,,,,,,
0.7322987225815507,True,False,0.5518650599881375,True,False,0.8067512557013055,True,False,0.8081778799948166,True,False,0.8321246410797483,True,False,back,-0.6919371881959818,tips,0.12852197325868833,urnal,0.3644680710857793,0.0,0.11704454143702897,0.2986859557532752,0.37681124946700656,0.43534923885028737,0.517104030775456,0.56727630862072,1.0,low,-0.02819260812941049,0.8447585055626567,True,False,0.9726344280980874,True,True,0.987259055276329,True,True,0.9902394279796435,True,True,0.953443273808499,True,True,palm,-0.43059720299618176,wrist,-0.18925309782129962,radial,-0.4900975034096381,0.0,0.17747480114019937,0.4560843598692204,0.5621260304383549,0.6758765411721241,0.7553049147315023,0.9014494508135311,1.0000000000000002,,,,,,,,,,,,
0.7387843393338074,True,False,0.76639624764378,True,False,0.9108936945972906,True,True,0.9315836802780977,True,True,0.9481164498411441,True,True,back,-1.0823012986728506,tips,0.06483783496233521,urnal,0.022944028030535277,0.0,0.17408734443666127,0.24280550101969386,0.3087225433987847,0.3551015829666023,0.5310197056814852,0.4883408595470059,1.0,low,-0.007477862494332466,0.8447585055626567,True,False,0.9726344280980874,True,True,0.987259055276329,True,True,0.9902394279796435,True,True,0.953443273808499,True,True,palm,-0.43059720299618176,wrist,-0.18925309782129962,radial,-0.4900975034096381,0.0,0.17747480114019937,0.4560843598692204,0.5621260304383549,0.6758765411721241,0.7553049147315023,0.9014494508135311,1.0000000000000002,arc,-6.162230302731803,,,,,,,,,,
0.4424382153874429,False,False,0.9087493859723008,True,True,0.8426619727793865,True,False,0.8336079299224369,True,False,0.9294373203244392,True,True,back,-1.2921808008127464,tips,0.14818613186871135,urnal,0.1610433641955741,0.0,0.1176679662210367,0.22545738949645872,0.3221475497694015,0.3631989399747588,0.49417934022891286,0.478199359515071,1.0,low,-0.021255853630247512,0.8447585055626567,True,False,0.9726344280980874,True,True,0.987259055276329,True,True,0.9902394279796435,True,True,0.953443273808499,True,True,palm,-0.43059720299618176,wrist,-0.18925309782129962,radial,-0.4900975034096381,0.0,0.17747480114019937,0.4560843598692204,0.5621260304383549,0.6758765411721241,0.7553049147315023,0.9014494508135311,1.0000000000000002,arc,-3.8101109718065445,,,,,,,,,,
0.7085173669356837,True,False,0.9622856424099624,True,True,0.9880733219399928,True,True,0.958255369272752,True,True,0.9641111147308239,True,True,back,-1.4084671442828267,tips,0.04233723351276876,urnal,0.08725590351324082,0.03374441322899757,0.0,0.24906574758883787,0.3947009540098229,0.4422497641019533,0.4223878541371186,0.6620162651087607,1.0000000000000002,low,-0.0496736509459359,0.8447585055626567,True,False,0.9726344280980874,True,True,0.987259055276329,True,True,0.9902394279796435,True,True,0.953443273808499,True,True,palm,-0.43059720299618176,wrist,-0.18925309782129962,radial,-0.4900975034096381,0.0,0.17747480114019937,0.4560843598692204,0.5621260304383549,0.6758765411721241,0.7553049147315023,0.9014494508135311,1.0000000000000002,arc,-3.67533195184736,,,,,,,,,,
0.778009143982807,True,False,0.741439758913224,True,False,0.6661181938548352,True,False,0.7413518184451259,True,False,0.8110871390201779,True,False,back,-1.3816332646855793,tips,0.037206952588306176,urnal,0.12849808115695824,0.218097669555075,0.0,0.40694460804769994,0.5595794237447014,0.5963829585278844,0.41700406496143905,0.7546743133769462,1.0,low,-0.05520377272651311,0.986810651694372,True,True,0.9706309144167212,True,True,0.9739581674009469,True,True,0.9850726056375745,True,True,0.9872938926062823,True,True,palm,-0.04499806920182603,tips,0.15794448585845305,urnal,0.588386243056738,0.0,0.026539115190776702,0.500223186804541,0.2578570546965916,0.36388108138184055,0.41210197861016223,0.6980622305555104,1.0000000000000002,arc,-4.118806916146023,,,,,,,,,,
0.778009143982807,True,False,0.741439758913224,True,False,0.6661181938548352,True,False,0.7413518184451259,True,False,0.8110871390201779,True,False,back,-1.3816332646855793,tips,0.037206952588306176,urnal,0.12849808115695824,0.218097669555075,0.0,0.40694460804769994,0.5595794237447014,0.5963829585278844,0.41700406496143905,0.7546743133769462,1.0,low,-0.05520377272651311,0.9345321297613064,True,True,0.9853015093403417,True,True,0.9938693673112845,True,True,0.993231038723179,True,True,0.9826453796528297,True,True,back,0.5769353101522964,tips,0.08617862716580277,urnal,0.22593076986607652,0.11116727157035489,0.0,0.5492856648295862,0.26442449646492905,0.3489625802822518,0.3946166539720919,0.7341089605662203,0.9999999999999999,arc,-4.118806916146023,right,-0.014372098472867108,right,-0.1784999796322414,high,0.05609021868024555,,,,
0.9781307970160035,True,True,0.9883715805821219,True,True,0.9878300950635285,True,True,0.9789130776141701,True,True,0.974951434075305,True,True,palm,0.30313618091384575,wrist,-0.033013374631839294,radial,0.03404413604214476,0.0,0.1381943912980666,0.2827205106546358,0.35806392612561844,0.40655207273464933,0.5570959770120592,0.748835396008014,1.0,high,0.2029079056921459,0.9553429660014263,True,True,0.9856998095085544,True,True,0.9955446073770642,True,True,0.981475904742848,True,True,0.9760265158358717,True,True,back,0.5991622055873232,tips,0.08472773666210762,urnal,0.29010383784720895,0.13548291200230922,0.0,0.5581693530991789,0.2645124519966013,0.34423809279507367,0.38958676355733773,0.730512630647854,1.0,arc,-25.2648966227469,right,-0.034762206415272716,left,0.011634883426484555,high,0.01277304263341994,,,,
0.9815681848077209,True,True,0.9856803461520763,True,True,0.9928572217857251,True,True,0.9844516434002538,True,True,0.9888599041630731,True,True,palm,0.6477659882402292,tips,0.04428062850122426,urnal,0.12765210411643338,0.0,0.1319389350129104,0.25825117147899446,0.3394874111336018,0.38593337465260824,0.5541584905674208,0.7509341256371282,0.9999999999999999,low,-0.006079656737191352,0.947358455945181,True,True,0.9923258133078431,True,True,0.9979947646948574,True,True,0.9817305416367788,True,True,0.97343847179426,True,True,back,0.5734055983032941,tips,0.08329339124958206,urnal,0.28757137186927034,0.12012726297994591,0.0,0.5482346054961695,0.253042973247131,0.3386050213120141,0.3839203460419227,0.7452844304416167,1.0000000000000002,arc,-131.27673476116084,right,-0.006597270518362321,left,0.009682737645648753,low,-0.004127510956355551,,,,
0.9572598829252535,True,True,0.9943468654291159,True,True,0.9961843685525013,True,True,0.9833181015211562,True,True,0.977483763169649,True,True,palm,0.6515054721925576,tips,0.03910945621101574,urnal,0.23420698389127018,0.0,0.09586496488084162,0.2504886425849533,0.33869291080343406,0.3868952526561385,0.5360938624635936,0.7465470447781077,1.0,low,-0.013290161178225568,0.9246713147864923,True,True,0.9920826190409882,True,True,0.9980285484485121,True,True,0.9824287916934079,True,True,0.9745759115572955,True,True,back,0.5532644420367713,tips,0.09316756045599979,urnal,0.2986047051482748,0.1059265788201583,0.0,0.5407676773406803,0.2437948339794542,0.3316454300739321,0.37869833458878643,0.7412254988360356,1.0,arc,-362.0796140260271,right,-0.013766120534184335,right,-0.0003183285395305102,low,-0.0032890949930463043,,,,
0.9508407491521025,True,True,0.993747894384057,True,True,0.995424790039759,True,True,0.9811340531655698,True,True,0.9730060412372679,True,True,palm,0.6099194877577354,tips,0.06875955589806593,urnal,0.29022230647576647,0.0,0.0949838429685605,0.24436044874733676,0.3348221733759422,0.3807564033726448,0.535933054878118,0.7525372876331337,1.0,low,-0.0023396270615713144,0.9354089281589318,True,True,0.99034499148132,True,True,0.9953190068431647,True,True,0.980756386160656,True,True,0.9709583222768366,True,True,back,0.532107417445887,tips,0.09791371786138067,urnal,0.32238333638607536,0.10235339744448643,0.0,0.5395219113934296,0.2410781352933243,0.3307288725913775,0.37616259101796545,0.7499880645347928,1.0,arc,-759.0634267902319,right,-0.007121012388342337,right,-0.0014944842883518605,low,-0.001163471312749964,,,,
0.9698891360963389,True,True,0.9892791765976714,True,True,0.9931676328607585,True,True,0.9795498255271197,True,True,0.9786863048525908,True,True,palm,0.42852935896225947,tips,0.09754386623073345,urnal,0.3891173173038285,0.0,0.08637983198864754,0.23755084171444593,0.33228356258966507,0.3759041157660722,0.5317599208657101,0.7296485737767151,1.0,low,-0.007217691058204356,0.9771823922261302,True,True,0.9808544769992247,True,True,0.9884660536793958,True,True,0.9739545043622511,True,True,0.9775313121359284,True,True,back,0.16469787615839954,tips,0.14961316869545047,urnal,0.5344473046734335,0.11483230721096888,0.0,0.5453390121740512,0.23324666366096714,0.32259509719848434,0.3659406166754474,0.7287095291388965,1.0,arc,-1304.2016984892564,right,-0.012868713980483094,right,-0.01074681679407763,high,0.0020346414475214125,,,,
0.850854852039486,True,False,0.8574292028166559,True,False,0.9025793412596962,True,True,0.605202855531107,True,False,0.5137062154315227,True,False,back,-1.0615081082476185,tips,0.23732251172396615,urnal,0.5962042145390382,0.11259621875175707,0.0,0.2853596464579364,0.4454005153514387,0.4727526026619095,0.4349331462496942,0.764994000490399,1.0,low,-0.12129700467700044,0.981834190137376,True,True,0.979947254402824,True,True,0.9927105727418574,True,True,0.9662278866596445,True,True,0.9544186081527435,True,True,palm,-0.06545943885104184,tips,0.16334074921272101,urnal,0.44229758499695987,0.07072157882839447,0.0,0.5274518088686821,0.22224912166155586,0.3279476404363471,0.3681876164246998,0.7464004352629703,1.0,arc,-1304.547510813926,right,-0.013201850038261367,right,-0.11297280447823654,low,-0.019071016992841527,,,,
0.9812897536856896,True,True,0.9579017065751086,True,True,0.9289235643902723,True,True,0.6054215957260809,True,False,0.5646164358178681,True,False,palm,0.7366853779140671,tips,0.17386057110806313,urnal,0.4461039566233695,0.07963669215699953,0.0,0.29772325167569025,0.43700091669535013,0.4686892479046024,0.44496607013462064,0.818966995533769,1.0,high,0.049384466239384195,0.9334979625147437,True,True,0.9704667778663425,True,True,0.9657378092131838,True,True,0.94516123972721,True,True,0.9521470691987084,True,True,palm,-0.07586936339440821,tips,0.15852888058157272,urnal,0.28186725638809174,0.0,0.1385056875243889,0.5036596561709898,0.36460824608989245,0.48649272603382926,0.5189778711282578,0.7921316957383306,1.0,arc,-1722.6913154283911,right,-0.0011824988971403383,right,-0.010372840222858226,low,-0.05321549801599412,,,,
0.8773593901306427,True,False,0.9480227982835419,True,True,0.9123490323100498,True,True,0.6870843935042287,True,False,0.5476486813377401,True,False,palm,0.928738424296596,tips,0.1587280036844941,urnal,0.462530807568443,0.09654094780360317,0.0,0.3510373652963078,0.491543693818818,0.5211069348167802,0.45619785100564836,0.8878273399503412,0.9999999999999999,high,0.013062772296723923,0.6921383398337838,True,False,0.9647394671318542,True,True,0.9496495764926831,True,True,0.9335724250434873,True,True,0.9043588659441486,True,True,back,0.07268801874282031,tips,0.3487967339186621,urnal,0.2090298114643695,0.0,0.26367851513818985,0.5082088714285311,0.4549486481910574,0.5991693748922453,0.6165707852151656,0.8397655983668063,1.0,arc,-2534.4073986521626,right,-0.024312178432325023,left,0.03515727463222684,low,-0.032467342558361145,True,0.9998343461304475,,
0.9174554106480146,True,True,0.9827648791496295,True,True,0.9359769197773908,True,True,0.6316116235769272,True,False,0.4878202289040706,False,False,palm,0.6915080814051815,tips,0.21412092823386014,urnal,0.6064819356924339,0.17145139608980464,0.0,0.4005932593846856,0.572878329193495,0.5920979717918703,0.40877647627408664,0.8554081093080095,1.0,low,-0.043970675695510164,0.6604396954867131,True,False,0.9396876120307323,True,True,0.9395967005826896,True,True,0.9439032722819143,True,True,0.9390761262884464,True,True,back,0.15320941542280755,tips,0.3734135436269333,urnal,0.2112819224345491,0.0,0.30975464339360426,0.5127931179518429,0.49895502398524183,0.6481493926556295,0.660443803489092,0.8123049400235631,1.0,arc,-3927.742665372464,right,-0.02453142548020537,left,0.005849963142758319,low,-0.01466336420604164,True,0.9996809043033763,,
0.9009677736028396,True,True,0.9636998568027352,True,True,0.9097249193486653,True,True,0.5790682631856845,True,False,0.47416861290908885,False,False,palm,0.7064362130170655,tips,0.30701049352571086,urnal,0.6759184980800834,0.17908964633351143,0.0,0.3958908270616166,0.5682904123505775,0.5900230950379504,0.41702119691765016,0.8307786873731217,0.9999999999999999,low,-0.007865655989873988,0.7757295780130607,True,False,0.9290880583934864,True,True,0.9070615900890842,True,True,0.9367506345620384,True,True,0.9125558834420221,True,True,back,0.3424732614244375,tips,0.35649479692295327,urnal,0.18127613547741725,0.0,0.26704111892356275,0.5050250845243949,0.4704242634604593,0.6168551391904712,0.6369636696171291,0.8075423926712955,1.0000000000000002,arc,-4583.1060369965335,right,-0.00258131337091478,right,-0.013449992452349013,high,0.011434299605233345,True,0.9996434600239662,,
0.9361679549717195,True,True,0.9557143097518574,True,True,0.8934922588532719,True,True,0.6395388993507758,True,False,0.5081448277887824,True,False,palm,0.8511858071822753,tips,0.25636967508619646,urnal,0.5900571291630268,0.1553264984493345,0.0,0.3958116493062867,0.5692588749753245,0.6003466298354856,0.4085254244612739,0.8550930527236908,1.0,high,0.001459689367385164,0.8236500738830022,True,False,0.9228404524708925,True,True,0.9529333682321711,True,True,0.9556268173052689,True,True,0.9582544868813409,True,True,back,0.3622412772634341,tips,0.3337261319567719,urnal,0.2415469631535804,0.0,0.3165954409936835,0.503617494588045,0.5078257586631832,0.6592249947416909,0.6832548200591657,0.8306372069935256,1.0000000000000002,arc,-5591.077913089822,right,-0.007011975212220377,left,0.006151863506862143,low,-0.018142166591825992,True,0.9995624776852737,,
0.9801496412472976,True,True,0.9962647071957992,True,True,0.9679483205338306,True,True,0.5537022732205437,True,False,0.4957311407166683,False,False,palm,0.9445934317019566,tips,0.4442331809753183,urnal,0.6130354849689214,0.10230693952979547,0.0,0.38276923995532147,0.5401208381386915,0.5726805582652865,0.43834997399049896,0.8846814202156439,1.0,high,0.019561849889301097,0.9454323911291416,True,True,0.9567568631908154,True,True,0.8975913735528779,True,True,0.9481847607724814,True,True,0.9564743217127452,True,True,palm,-0.20984567995190015,tips,0.7595002899501485,urnal,0.31559896534621323,0.0,0.33331658080666526,0.49661834918127645,0.5229732113349992,0.678108586895892,0.6999432256672555,0.8582475679786234,0.9999999999999999,arc,-7891.282946735031,right,-0.0026929011549163967,left,0.037231825646899974,low,-0.011518112250736734,True,0.9994245485333008,,
0.7766279038363229,True,False,0.9956878801923534,True,True,0.9548354768829128,True,True,0.5981349531153716,True,False,0.5257030382367203,True,False,palm,0.8208710149103301,tips,0.4412341618872611,urnal,0.6905662487673188,0.14829246929712142,0.0,0.4054259955620602,0.5748576886971217,0.6041405436033904,0.421113498539689,0.878417200254535,1.0,low,-0.023577287083580423,0.93992739030353,True,True,0.9240981550344756,True,True,0.9544329770201136,True,True,0.942111652866618,True,True,0.9652502063190276,True,True,palm,-0.6876831231649992,tips,0.29968303212027,urnal,0.3359962949018723,0.0,0.333638171897671,0.48163513290264126,0.5339686041129456,0.6909804241067808,0.7162556426947436,0.8697933856979596,1.0,arc,-10076.837526326428,left,0.016695021923336554,left,0.017188321976434606,low,-0.0035337834131150547,True,0.9992106663153195,,
0.9412437377105441,True,True,0.9828602726852431,True,True,0.9436927964517015,True,True,0.5380936511139739,True,False,0.459366980121121,False,False,palm,0.7889586828408489,tips,0.4198284764458641,urnal,0.677318047378221,0.18384087466466964,0.0,0.4218883631883043,0.6071018708231775,0.6283539004509187,0.395817899320637,0.8735288154573821,1.0,low,-0.02686973128999981,0.7822986649496193,True,False,0.9158455091806792,True,True,0.9665463241728314,True,True,0.9626574152706777,True,True,0.965082191567314,True,True,back,0.6532436423051654,tips,0.28377478699067726,urnal,0.22755804155112277,0.0,0.2540283277014102,0.4835178889002899,0.45088468949559357,0.6023185549639184,0.6270420766804613,0.8397485548733226,1.0,arc,-11186.108471937807,right,-0.0037009887712391998,right,-0.03447184108552481,high,0.02479043177195961,True,0.9991102626351007,,
0.8775709505107271,True,False,0.9583273027514394,True,True,0.9527697142249778,True,True,0.45829223645409667,False,False,0.40581719485180867,False,False,palm,0.821852841315367,tips,0.4729663370812545,urnal,0.7160284883386913,0.1729158241836855,0.0,0.3999770279411232,0.5717127265873023,0.5945839665572655,0.4140027862131248,0.8586345474936368,1.0,high,0.011396024908338243,0.6989592663332742,True,False,0.9177214410622214,True,True,0.9471252477465206,True,True,0.9567452528061718,True,True,0.9566044151467827,True,True,back,0.5555562871941933,tips,0.30620307270335906,urnal,0.26832847800929305,0.0,0.23318119693602657,0.4857401409906796,0.4192188162522646,0.5721359005053204,0.5894567081393263,0.8237369943546022,1.0,arc,-12075.089752778547,right,-0.005038799900807099,right,-0.0329441456567674,high,0.009868329479580829,True,0.9991206023268766,,
0.8782402302304073,True,False,0.9626396339222147,True,True,0.6578831754391307,True,False,0.6103277939138293,True,False,0.6531545341043612,True,False,palm,0.6045064447393493,tips,0.4447778344587755,urnal,0.7692829131703193,0.08592640132406199,0.0,0.36996040585779333,0.5054094790440868,0.5473608709975077,0.45375607603348267,0.879356128322528,1.0,high,0.051129596573965985,0.9301488646724956,True,True,0.9540266319582238,True,True,0.9573883165807386,True,True,0.9506319260234102,True,True,0.9593771529715552,True,True,back,0.48999314452320036,tips,0.22671375966549867,urnal,0.25649235793219427,0.0,0.1653391229716514,0.49348220854416225,0.39806933115082854,0.52937643191404,0.5633078844478556,0.8379148567765535,1.0,arc,-16303.517171281219,right,-0.0003271416652212561,right,-0.018375317255655887,high,0.036560768172854474,True,0.9994318148721137,,
0.8083128574940894,True,False,0.9380533244839995,True,True,0.5218272847867129,True,False,0.5813675495240639,True,False,0.6522876202422296,True,False,back,-0.9089036022323361,tips,0.32018928872817715,urnal,0.6515758799534483,0.10573420358274616,0.0,0.36329964628799394,0.5014020356791953,0.5411348874350883,0.4408651746214657,0.7726629559928312,0.9999999999999999,high,0.025768626303899755,0.982338162397445,True,True,0.905830076249015,True,True,0.9596948776002323,True,True,0.5773129332188571,True,False,0.47486362811753124,False,False,back,0.07168501443750513,tips,0.31416301693228643,urnal,0.8130715131921389,0.0,0.15570254739926948,0.506425954204347,0.4051602937918975,0.526444826659894,0.5643048360184189,0.7153592873036294,1.0,arc,-7792.143656028017,right,-0.02158399649622135,right,-0.008962389968690476,high,0.016355699016934344,True,0.9995511326983347,,
0.8293110216097587,True,False,0.8314626670091462,True,False,0.5283987820125484,True,False,0.5521877243544342,True,False,0.6271414847396893,True,False,back,-1.1669381174857987,tips,0.24809568528060777,urnal,0.3878143593181405,0.16930001065422434,0.0,0.46890160308086587,0.6310798111565772,0.6684995497503874,0.3960307496142513,0.8072794672423795,1.0,low,-0.014640680381229898,0.9073019589223998,True,True,0.9436363945388899,True,True,0.9498119792450844,True,True,0.7284916331017075,True,False,0.49746792142964835,False,False,back,0.17971280934175005,tips,0.2179401572022748,urnal,0.7786015649843638,0.0,0.2557657574202056,0.5073072824147835,0.5303654539801186,0.6601305663276098,0.69405809243529,0.7592553155672538,0.9999999999999998,arc,-2616.211527392832,right,-0.02023332482587798,right,-0.011964264370146305,low,-0.01163880597977407,True,0.999556292788665,,
0.8263078326914448,True,False,0.9186477232770512,True,True,0.5363462478736989,True,False,0.5674173472979119,True,False,0.6555609965755534,True,False,back,-1.3288937012601223,tips,0.2401864185059375,urnal,0.3174325288616208,0.1342833683145948,0.0,0.44489637551744127,0.6089231460617803,0.6511431908244631,0.39011220080519976,0.8125582291633429,1.0,low,-0.015721897284189823,0.9213452647897016,True,True,0.8930361050674702,True,True,0.9906755313244291,True,True,0.895031363374631,True,True,0.7471455185855718,True,False,back,0.17835080473531262,tips,0.24416959005918917,urnal,0.5969108326890077,0.0,0.21952935074025307,0.5023712475590338,0.5090757078132132,0.6398069020329353,0.6782534022447888,0.7692531639232544,1.0000000000000002,arc,-1761.5220514403165,right,-0.015253170168926423,right,-0.015150836535862466,low,-0.012535325118473661,True,0.9994745315325898,,
0.9330751699156588,True,True,0.9621659311584535,True,True,0.5356235570052589,True,False,0.63701896815038,True,False,0.6843387387985069,True,False,back,-1.355108430731324,tips,0.2193536041956262,urnal,0.28514424223438195,0.16476097008646717,0.0,0.35747355807155523,0.5179451330185899,0.5398250668409844,0.4033615283541009,0.7834339380264991,0.9999999999999999,low,-0.03168123109000076,0.8186372362256997,True,False,0.6782831994212445,True,False,0.6273301882994311,True,False,0.5324254940792168,True,False,0.6469853815183636,True,False,back,0.013641118892836843,tips,0.2526751992648415,urnal,0.4901509199800244,0.0,0.21901518413679394,0.499719079296029,0.4146751574594676,0.5459703659367717,0.5686849954897469,0.7354932846167778,1.0,arc,-2427.4583558999784,right,-0.014188756400696867,right,-0.01791225728534518,low,-0.02891981034051805,True,0.9993816267343221,,
0.8593689852153588,True,False,0.9591546184001016,True,True,0.5292002579444984,True,False,0.5902233249716267,True,False,0.6683834746512539,True,False,back,-1.3642175813712256,tips,0.18928159829854993,urnal,0.2624621670184161,0.1916761579121854,0.0,0.3811485728630657,0.5493501002390505,0.5692114484746432,0.41062963194895385,0.7896376321104172,1.0,low,-0.004087567329406738,0.7953067277938278,True,False,0.752398955771814,True,False,0.6971008800390593,True,False,0.5043731097173892,True,False,0.5706345265281578,True,False,back,0.31049980643011377,tips,0.1918027320463558,urnal,0.49475338249157846,0.0,0.22565009290440685,0.49365520595564993,0.4230419091858669,0.5622036758919493,0.585025306026587,0.7372767304506438,0.9999999999999998,arc,-3686.609914272856,right,-0.010939762948023879,right,-0.020238816738128662,low,-0.001761007876623255,True,0.9994196466623002,,
0.8487765992357073,True,False,0.9776429413377202,True,True,0.5428501604589474,True,False,0.6169640404879239,True,False,0.687001867494787,True,False,back,-1.3788360157051143,tips,0.2107943027738318,urnal,0.22203636411507893,0.2129385788690844,0.0,0.4108512297082529,0.5825176170291853,0.6060440241633325,0.40590532598437296,0.8168447868225805,1.0,low,-0.00851783582142418,0.8688711868641311,True,False,0.7757814124459459,True,False,0.714596010285336,True,False,0.54647485306824,True,False,0.6197655013973722,True,False,back,0.1932633475260325,tips,0.24855665051341977,urnal,0.577592344380377,0.0,0.21555090994203996,0.4887830794656917,0.42708934115582703,0.5673343606901727,0.594676905582758,0.7505343623197909,1.0,arc,-5385.116772623934,right,-0.016545158966830155,right,-0.028438917228153726,low,-0.00031773533139911603,True,0.9994328638141687,,
0.8906971348619724,True,True,0.9774257817727515,True,True,0.548849440169921,True,False,0.6053211484960936,True,False,0.6976452844911571,True,False,back,-1.3675856407409934,tips,0.1761370182370533,urnal,0.2525066825448818,0.25647704921106346,0.0,0.5533880388866947,0.7462360831535151,0.782791882851988,0.3535162638473472,0.8865318987715147,1.0,low,-0.005198893092927426,0.8161621163910582,True,False,0.7289809546021064,True,False,0.6900109238473806,True,False,0.5179550267052635,True,False,0.6053155503400702,True,False,back,0.03731724810723464,tips,0.2795795684836651,urnal,0.5893561533944447,0.0,0.3013082137178643,0.4882947189898228,0.5738391831756753,0.7177747543505703,0.7534816517924817,0.815445226857026,1.0,arc,-9063.551026135554,right,-0.019864369120137563,right,-0.03437018394470215,high,0.0007323736236209966,True,0.9993252905989921,arc,-1.6300268005215157
0.8939499787734861,True,True,0.9762786581651913,True,True,0.5802888984284817,True,False,0.6189938340642709,True,False,0.6809844148165597,True,False,back,-1.3652315047671244,tips,0.20950767592549932,urnal,0.25871509297797846,0.2090232416795636,0.0,0.5000535749683568,0.6791785285398007,0.7202507772769384,0.36992641958163913,0.8583009322886852,1.0000000000000002,high,0.012805217788332879,0.957013156536576,True,True,0.8978274627562006,True,True,0.8697432659492156,True,False,0.36393607073673634,False,False,0.427824962798716,False,False,palm,-0.17557090547838977,tips,0.26414548071551325,urnal,0.7260741069755458,0.0,0.27424137286320294,0.49075759732147106,0.5486539529355406,0.6866374203166655,0.7262840212338014,0.8045943051198201,1.0,arc,-10205.33005744422,right,-0.011487512050624645,right,-0.024710675080617306,high,0.0031457089242480363,True,0.9992268247555783,arc,-2.0486179533574487
0.8951678155024725,True,True,0.9955376910320017,True,True,0.5990483749466676,True,False,0.5740889729068162,True,False,0.6119091235157459,True,False,back,-0.31079342062102666,tips,0.36947076910608767,urnal,0.8002551962821934,0.1804634469597326,0.0,0.4636296075217285,0.6000203586212693,0.6428380369152915,0.4329016982535488,0.9042897859334378,1.0,high,0.02744581302007043,0.9110082120564493,True,True,0.9488606242054074,True,True,0.9479470935652473,True,True,0.9740321904119241,True,True,0.9499896029034102,True,True,back,0.44716848174876384,tips,0.18960924699970977,urnal,0.1451458122321426,0.0,0.31321665247706554,0.5050108173200399,0.5630639483737754,0.6894231738395756,0.7226358391478204,0.8582327956895334,1.0,arc,-5135.791905206219,right,-0.0007463952368242412,left,0.014301166647956443,low,-0.011566028708503318,True,0.9993285688603304,arc,-2.030814953312579
0.9048534230706494,True,True,0.974572585131054,True,True,0.5053757987071414,True,False,0.6677987300383842,True,False,0.7538933541477431,True,False,palm,0.21525525348307628,tips,0.41457662007276613,urnal,0.9188458874413213,0.1567558618189588,0.0,0.4559953024309751,0.5674332342407736,0.625850095034428,0.4641151803957426,0.8504186366016142,1.0,low,-0.019733508427937863,0.9479710156934003,True,True,0.8430686546465964,True,False,0.9627111811585157,True,True,0.9674310029831239,True,True,0.9702364304736212,True,True,back,0.42632440613583455,tips,0.15124763074694578,urnal,0.14775695918575033,0.0,0.2629969550742781,0.4857860299457428,0.4972730642646087,0.6128252996098457,0.6615395407257937,0.8847155636557209,1.0,arc,-9040.42446910414,left,0.006112676847855117,right,-0.00240336713336764,low,-0.00302897464661378,True,0.9994755113230193,arc,-2.7408704635308085
0.9317352746383091,True,True,0.9965060889427475,True,True,0.7680429707664825,True,False,0.5350358682922446,True,False,0.5221750545116917,True,False,palm,0.46657225709572586,tips,0.4840816813668208,urnal,0.8473920809838168,0.17036459671836546,0.0,0.4504773776620499,0.5792742187507487,0.6323089828013824,0.45813861508540815,0.8647182818633308,1.0,low,-0.015982292947315013,0.9140721035828848,True,True,0.9327943882225049,True,True,0.9630556101302195,True,True,0.9594825367913723,True,True,0.9611856677860579,True,True,back,0.540195887156683,tips,0.17549415302572582,urnal,0.15736007816874428,0.0,0.2163862532621433,0.4741332092390308,0.4593509418130798,0.5869451688147093,0.6360306442551904,0.8775161915238544,0.9999999999999999,arc,-17882.447112085283,left,0.009715354744770366,right,-0.02197407824652542,high,0.003588418165842766,True,0.9997869953315243,arc,-5.137506642027389
0.8487427864786066,True,False,0.9970756389677325,True,True,0.7076539406746958,True,False,0.4554854051423696,False,False,0.4666829740170458,False,False,palm,0.5432187934652698,tips,0.4307948085437587,urnal,0.838384022264202,0.17802591799009077,0.0,0.39356332144824857,0.537983728374465,0.5746459813074514,0.43332589200408467,0.8400269646684636,1.0,low,-0.020510596888405952,0.9233803904287077,True,True,0.9580853768424157,True,True,0.9599142977194473,True,True,0.9551538258399574,True,True,0.9573266548082261,True,True,back,0.5825966441004538,tips,0.16419770074190593,urnal,0.12816014071880094,0.0,0.1313026936882729,0.48163007619807463,0.3657044776710192,0.48354687819151543,0.5279953521341043,0.8009157593364383,0.9999999999999999,arc,-29293.599306915596,left,0.009109810676997926,right,-0.05816131830215454,high,0.01567664316722317,True,0.9998999665211818,arc,-8.087322899761158
0.9189569697722904,True,True,0.9901164517867367,True,True,0.610737478319139,True,False,0.44218243403588886,False,False,0.4727196770987367,False,False,palm,0.6877966514178803,tips,0.46625311207139175,urnal,0.739890870502501,0.14612229248696812,0.0,0.3742291031316958,0.5168166449445092,0.5506850235327132,0.4476517349144481,0.8722678988301333,1.0,high,0.021243345169794092,0.9145969602493268,True,True,0.9631722368377137,True,True,0.9607982855626419,True,True,0.9554406271529743,True,True,0.9605813570043602,True,True,back,0.5656283836272447,tips,0.1653063448244852,urnal,0.12612884674658797,0.0,0.13787736216884405,0.483062415092686,0.3695784796080045,0.4936923145142783,0.5334170050817603,0.8321696438387307,1.0,arc,-52551.33779651127,left,0.007152534062925042,right,-0.03843862385976882,high,0.001520650727408368,True,0.9999160645123384,arc,-12.742308232080365
0.9452403771515443,True,True,0.9909875212775137,True,True,0.8006732379551669,True,False,0.5691107108209812,True,False,0.5822427675759599,True,False,palm,0.8057503690020087,tips,0.4632831954690654,urnal,0.6905178786528084,0.11774043495056616,0.0,0.38609967169552306,0.49632964846256244,0.5507641724179249,0.4733551471704335,0.8706807030408462,1.0,high,0.022541585422697463,0.947374074951389,True,True,0.9681165367296818,True,True,0.9546649496083403,True,True,0.9415342125791127,True,True,0.9430521382007907,True,True,back,0.4560182412207364,tips,0.14280455237840078,urnal,0.08668949972385924,0.0,0.11972808218961833,0.48078930355298416,0.3663116984547334,0.4761970903605299,0.5272567162289297,0.8516626420787285,1.0,arc,-96970.43615283717,left,0.006576703698356091,right,-0.03464682329268687,high,0.018749784855615514,True,0.9998587653907522,arc,-10.996409843931874
0.9161434107833523,True,True,0.9844068240572892,True,True,0.8611706566115278,True,False,0.5058519297349165,True,False,0.48841821722287176,False,False,palm,0.8640596435736414,tips,0.49290711046232044,urnal,0.6268265068341324,0.11704038871286385,0.0,0.39167180923284706,0.49538354889106273,0.5491972479026725,0.4921388641793393,0.7930911853105916,1.0,low,-0.0021773037456330746,0.9562837644960921,True,True,0.9520623487033688,True,True,0.9654889638877158,True,True,0.9207382194261712,True,True,0.9185452685268078,True,True,back,0.4226783294409766,tips,0.14862383901091622,urnal,0.05337002086982407,0.0,0.10858591207262,0.48807326446804555,0.34440165014501944,0.4480187142256381,0.49992487948076814,0.8778475219362006,0.9999999999999999,arc,-184316.86529011885,left,0.000574997950891068,right,-0.044167714459555474,high,0.007343587421235531,True,0.9996292219415317,arc,-20.63874004255417
0.9212298904767555,True,True,0.9939616597687697,True,True,0.8771761560677258,True,False,0.5267803039886474,True,False,0.4758116327285215,False,False,palm,0.8582012698930932,tips,0.510952369414307,urnal,0.6294343591170292,0.12261843622319252,0.0,0.3937601417513935,0.49514314382636626,0.5513569033353257,0.4916707254277086,0.7921648312800333,1.0,low,-0.003079309349968362,0.8950144786167195,True,True,0.9629290686393038,True,True,0.9615598344994433,True,True,0.950658244671908,True,True,0.9563305597688059,True,True,back,0.3552695147796352,tips,0.7236217801070005,urnal,0.0833191463939994,0.0,0.14541548871806784,0.4886234445615458,0.3758180661821211,0.4815565514200322,0.5327041934407837,0.8689045798961512,1.0,arc,-369070.4885994354,left,0.0015457300550224054,right,-0.027278241657075486,low,-0.01996878215244835,True,0.9995195191492233,arc,-27.435105967784093
0.9421056122561978,True,True,0.9803462308404948,True,True,0.7919679485625923,True,False,0.5600755266805356,True,False,0.6343208304987769,True,False,palm,0.7628171903690534,tips,0.5117774467352136,urnal,0.7179701537293421,0.12076950099587394,0.0,0.39047460900025077,0.5003477854149151,0.55518495112301,0.48404358544513304,0.8397605889304562,1.0,high,0.0009083236966814789,0.8211162505651959,True,False,0.9469747107440682,True,True,0.9695070470836064,True,True,0.9535882796426584,True,True,0.9628387687644461,True,True,back,0.5823374347996703,tips,0.6839372603889873,urnal,0.09911507196340039,0.0,0.1773022146349781,0.47122802999914726,0.4150765414735803,0.535199494467646,0.5848821896362958,0.9014275945850103,1.0000000000000002,arc,-901989.6658088515,left,0.017368649662859274,right,-0.002112800166720441,low,-0.024257117793673566,True,0.9995267920206033,,
0.9355860143670114,True,True,0.9962579570057023,True,True,0.878789298752214,True,False,0.5440936154336165,True,False,0.52069625324449,True,False,palm,0.6132884566273242,tips,0.4403927834822025,urnal,0.7788749235844687,0.16559261635860972,0.0,0.4035886180110991,0.5516952302215972,0.6048886582273276,0.40800505453259034,0.8774925498506472,1.0,low,-0.03289956705910824,0.9173412493692603,True,True,0.9233330140158664,True,True,0.9514061523781195,True,True,0.9406727405695855,True,True,0.9420748047501895,True,True,back,0.8066535021340377,tips,0.5955585721688491,urnal,0.08277326525247726,0.0,0.17185060160624235,0.469681048223865,0.42582079571005405,0.5540585180170376,0.6046654994839601,0.8480814642303353,1.0,arc,-1250859.0433501462,left,0.016323781219730545,right,-0.03879566419692271,high,0.00378329697109403,True,0.9994698470903347,arc,-19.73559799800303
0.8643052092503377,True,False,0.9880444419921155,True,True,0.8407625066277734,True,False,0.5211377504180723,True,False,0.448927687792704,False,False,palm,0.8871426523078757,tips,0.49553022690494153,urnal,0.6053133596898979,0.19695146811290554,0.0,0.4242674730662793,0.5882445037217671,0.6309297900893205,0.39456175318525344,0.8761797141734574,0.9999999999999999,low,-0.016681228365216905,0.9111502018116365,True,True,0.8351242179304991,True,False,0.9401708235887467,True,True,0.9288809050720536,True,True,0.9370442301541894,True,True,back,0.8403689494151626,tips,0.7570317661348749,urnal,0.032610714388837184,0.0,0.15596258380024314,0.4706321007985946,0.4114381747839038,0.5400199823222773,0.5891159074829995,0.8376948521422332,0.9999999999999998,arc,-1413852.2472026173,left,0.013932985955862807,right,-0.06073624179476789,high,0.005259349232628274,True,0.9994118617496506,arc,-3.403540830707991
0.8974270568250268,True,True,0.9757796711235628,True,True,0.8161481055430408,True,False,0.489021586397324,False,False,0.45081029180195425,False,False,palm,0.9493491455054041,tips,0.5307333602109654,urnal,0.5715176192004343,0.1902539929755051,0.0,0.42776823854091917,0.5912048426466647,0.6327465985808294,0.40507663838044805,0.8968730012439852,1.0,high,0.011221045539492658,0.9110918442054475,True,True,0.9233696321093984,True,True,0.926770051488027,True,True,0.9258611986930221,True,True,0.9352926608814122,True,True,back,0.8369467557719558,tips,0.7352709799272956,urnal,0.04147036409485216,0.0,0.16171547147807575,0.4721956288139235,0.4204843461069885,0.5510949571632663,0.5997186512226994,0.85522872204062,1.0,arc,-1875843.887403446,left,0.010453081923440015,right,-0.05151357821055824,high,0.001998381955283013,True,0.999210138914522,arc,-0.9624349201347543
0.9192567705761898,True,True,0.9888590361667033,True,True,0.809982660852598,True,False,0.5453299305207271,True,False,0.5340292361621435,True,False,palm,0.9276197314812843,tips,0.518598293958708,urnal,0.5984526535190807,0.17121821152403918,0.0,0.42111624637164313,0.5607623955129247,0.6043299492332499,0.45635395483325925,0.8756933913993923,1.0,high,0.02916110129583449,0.9557857098199402,True,True,0.7976002835586635,True,False,0.9215911313299749,True,True,0.9209505750675699,True,True,0.9397354922480468,True,True,back,0.7375841289904611,tips,0.4933474486396507,urnal,0.11758935235112504,0.0,0.1761803666200235,0.47682441218656774,0.42714375356279083,0.5597585179904299,0.6029810564227558,0.8545833299483405,0.9999999999999998,arc,-4990136.071003294,left,0.007822721821581252,right,-0.022651845500582746,high,0.0002993685858589945,True,0.9989117069638438,,
0.8716203897709185,True,False,0.9893836451490675,True,True,0.8653982758818342,True,False,0.5204367771535947,True,False,0.4678704378090518,False,False,palm,0.9674953082401361,tips,0.5591057741005245,urnal,0.6013934357477448,0.15424780488184409,0.0,0.44347800590065384,0.5658641139858038,0.6187256736422428,0.4923770236259573,0.8121008152856557,1.0,high,0.014851291974385616,0.9046905315710939,True,True,0.9053558627199814,True,True,0.9536977551558463,True,True,0.9571608307585971,True,True,0.9534595071120013,True,True,back,0.6096926460443907,tips,0.20247670914956398,urnal,0.16652649810072756,0.0,0.21504750532846922,0.4683611248114974,0.45650243412672975,0.59485534980144,0.6416856851161415,0.9406258721178488,0.9999999999999999,arc,-5067749.551361667,left,0.008429394723022093,left,0.0007074901035853953,low,-0.008508043629782525,True,0.9989182830164454,arc,-1.3501261016189094
0.8812892172164541,True,False,0.9929989064117177,True,True,0.8552495271817975,True,False,0.500385343249543,True,False,0.48664421693544846,False,False,palm,0.8997728456422314,tips,0.5133538364511848,urnal,0.6319474315670839,0.18000988805727608,0.0,0.40994802453170726,0.5492467848256559,0.5879655435445248,0.4777180137514209,0.8283433112614726,0.9999999999999998,low,-0.027626332782563767,0.9823683534568911,True,True,0.9345729711586005,True,True,0.9540277782041331,True,True,0.9504832069825899,True,True,0.9426577428801464,True,True,back,0.7143294366959257,tips,0.2237401085909048,urnal,0.14383669282505063,0.0,0.21247329539863957,0.4795612750706869,0.4105378933450148,0.5537894744902546,0.5869846095119774,0.8881761862400461,1.0,arc,-20425824.313004337,left,0.0033900141053296237,right,-0.016992838609786287,low,-0.009926004069192085,True,0.9990537376836689,arc,-2.9308857192831104
0.9672417472519852,True,True,0.9893186499936768,True,True,0.8845480664253738,True,False,0.47230267437813656,False,False,0.4352318624312065,False,False,palm,0.8872299550044908,tips,0.5415852155288806,urnal,0.604819163989903,0.24032662971902113,0.0,0.43243165410456574,0.5945912464465862,0.6209282144714414,0.4544478607370097,0.8800207510843019,1.0,low,-0.02815015259243192,0.9195148067361525,True,True,0.9263532208698395,True,True,0.9515619319857308,True,True,0.9565879157462436,True,True,0.9356766446379285,True,True,back,0.6608167012236426,tips,0.21733154527000445,urnal,0.1640979763261834,0.0,0.19828206856255978,0.4842762578730818,0.4004207208252013,0.5458237435968895,0.5762471675228042,0.8639296454311417,1.0000000000000002,arc,-63568989.44599484,left,0.013057368208847495,right,-0.052630932558150545,high,0.007487941355932337,True,0.9992756878836835,arc,-6.22828115413487
0.9494510308999288,True,True,0.976004840951016,True,True,0.8810676281057314,True,False,0.45898330485050326,False,False,0.395163305193719,False,False,palm,1.0427741821894407,tips,0.567617839217383,urnal,0.4930561380050099,0.24423162453832667,0.0,0.4473735385574864,0.6075086423882311,0.6370270115310105,0.44981589114370124,0.8964011079481586,1.0,low,-0.0020605354082016136,0.9890720683880335,True,True,0.9413247238486273,True,True,0.9506479547580043,True,True,0.9584912420640792,True,True,0.9484021421419491,True,True,back,0.6702828723703368,tips,0.23029908932480636,urnal,0.18746045888569168,0.0,0.22696029949909782,0.4845560587117017,0.42357529962456786,0.5694295296911572,0.5996387488679847,0.8689594912804007,0.9999999999999999,arc,-169789888.90068913,left,0.006868620764190529,right,-0.04611613920756741,low,-0.00857532875878475,True,0.999611164532981,,
0.9685217833358821,True,True,0.9896910070171726,True,True,0.9507840582122354,True,True,0.6089885314444015,True,False,0.4347528832756825,False,False,palm,1.0941994684372813,tips,0.49882063773842567,urnal,0.5112032194255973,0.18688402172457919,0.0,0.41324884251938004,0.5487227706858215,0.5845742326265402,0.48695114707020987,0.8139572899876037,1.0,high,0.03965110154378981,0.9908103029513015,True,True,0.9466196804225904,True,True,0.9595858236143695,True,True,0.9625202560945354,True,True,0.9634697054996164,True,True,back,0.6134150993142234,tips,0.19695184034883012,urnal,0.17893981879500487,0.0,0.265997771208367,0.489653945424705,0.44975450783418713,0.5938520329657659,0.6212360221928309,0.8641083462614088,1.0,arc,-1063555747.3847328,left,0.01264774663827882,right,-0.006630088601793482,high,0.0001650509380158871,True,0.9997348700333255,,
0.9559441149023626,True,True,0.9564099762024673,True,True,0.9389856229538225,True,True,0.778969896114477,True,False,0.40772840998910753,False,False,palm,1.211240865194089,tips,0.33278477432409764,urnal,0.40691941433957796,0.24496270278552318,0.0,0.45350185585712577,0.5918381966424736,0.6203422423605792,0.4930041896538473,0.787374409797768,1.0,low,-0.017031385785057473,0.9303372329568761,True,True,0.8922051414682789,True,True,0.9407499513486354,True,True,0.9509117401639985,True,True,0.9555463887019205,True,True,back,0.4858895121131265,tips,0.2957674330508111,urnal,0.22862800618621354,0.0,0.3184572379318741,0.4927694101749539,0.4736844389747765,0.6260815469246542,0.6419702815747278,0.8177962669578894,0.9999999999999999,arc,-4242879208.4267926,right,-0.0058792475126557275,right,-0.003701244081769639,low,-0.019960230305081317,True,0.999722730452993,arc,-6.633747022594499
0.678813559307979,True,False,0.9449846794027075,True,True,0.9287260798582561,True,True,0.9239397488915588,True,True,0.8958181041698944,True,True,palm,1.2798301333330993,tips,0.28579344291489095,urnal,0.3344811737915231,0.3138031574744918,0.0,0.49231729946736696,0.6402006021375399,0.6577074364871027,0.49075206158376833,0.7967463997311095,1.0,low,-0.029641378493536097,0.9146430347983193,True,True,0.9451826745605135,True,True,0.9585461353488158,True,True,0.9533892674260965,True,True,0.9637170723659796,True,True,back,0.3377156316754946,tips,0.293349595525742,urnal,0.2837487399022412,0.0,0.3772246230376591,0.5031067778937154,0.5118842431027951,0.6637346272239061,0.6734694354173879,0.7871899961195982,0.9999999999999998,arc,-500732.1857783221,right,-0.0043522555430751675,right,-0.014582798594520274,low,-0.01875982398078546,True,0.9997459537115333,arc,-1.5960010281754586
0.8313480898651414,True,False,0.9427253209225009,True,True,0.9205984734052453,True,True,0.9148528690949634,True,True,0.6922278446558922,True,False,palm,1.2604876088811086,tips,0.2957238844260395,urnal,0.32258787161218666,0.3583383562326392,0.0,0.5894808078061561,0.7600679686348589,0.7842811949536692,0.41817496773679275,0.9067323386433663,1.0,low,-0.02526733988807317,0.6621856502771943,True,False,0.8875474528036168,True,False,0.9553917861918086,True,True,0.9551407104880718,True,True,0.9626617245128478,True,True,back,0.3380486177115815,tips,0.2141920045446309,urnal,0.24748498955893758,0.0,0.4044548239128142,0.47322590780911966,0.6085310849003717,0.7602072589450586,0.7844276403988105,0.840381608673096,1.0,arc,-378388.5718509663,left,0.008078114124489708,right,-0.03602679854347601,low,-0.0038233399391174316,True,0.9998176345122352,,
0.7792296380539248,True,False,0.9288813726432892,True,True,0.9094202724796652,True,True,0.8599679882164167,True,False,0.40972333694362634,False,False,palm,1.0509835890408696,tips,0.31627683075683766,urnal,0.5841066236940029,0.3496834240784193,0.0,0.588391077787418,0.7777541041933449,0.8014165033577376,0.3744920038885952,0.8785284503136239,0.9999999999999998,low,-0.014181114378429505,0.9184676105460661,True,True,0.9477785106618558,True,True,0.9566317430205228,True,True,0.9607447560209855,True,True,0.9655410228235872,True,True,back,0.43877103869405165,tips,0.23656323063781193,urnal,0.24365355178923626,0.0,0.3978386440763787,0.4763315365364006,0.6113891852936933,0.7623222929929134,0.7892251916964802,0.8229919626403769,1.0,arc,-2895864.526638196,left,0.004954088393239839,right,-0.04332106170200156,low,-0.0068868512199039555,True,0.9998904670885689,,
0.8521969034796129,True,False,0.9491379960154955,True,True,0.9285724989929793,True,True,0.868648442046742,True,False,0.7961134774162436,True,False,palm,0.5865643324140397,tips,0.2973856918140499,urnal,0.8888791593980659,0.36009740955835917,0.0,0.6232158167516204,0.8308268793218883,0.8588242255854741,0.35011983283325826,0.9460118814023624,1.0,low,-0.016086251962752596,0.8746190635756116,True,False,0.9298082647938374,True,True,0.9414088478814623,True,True,0.9531523267686647,True,True,0.9473716717144057,True,True,back,0.5480477266074211,tips,0.26272555777066964,urnal,0.20200181381044915,0.0,0.40501151582662176,0.4525557278252569,0.6323849432301307,0.8016838354268315,0.8307422801792919,0.8893803945924382,0.9999999999999999,arc,-7142906.77771549,left,0.003347723388566509,right,-0.04150642383666259,low,-0.01790088982809157,True,0.9998502604746536,,
0.8139135240431252,True,False,0.9198210703277291,True,True,0.9145413853820504,True,True,0.7570170031159402,True,False,0.5560767758664614,True,False,palm,0.5663646907350446,tips,0.2750359351877685,urnal,0.8580663968583095,0.36804391665711184,0.0,0.5922902993337309,0.8069975301525438,0.8279779194122281,0.30962878936285515,0.9181194722196799,1.0,low,-0.01166080293201266,0.8669253305407808,True,False,0.9555822169359435,True,True,0.9444645588815254,True,True,0.9590348090653197,True,True,0.9599118613842017,True,True,back,0.5937662035346456,tips,0.3016114764568234,urnal,0.2237470949826403,0.0,0.4035036753361242,0.45251257107231624,0.6096234854649399,0.7715423860922223,0.7959253562539012,0.8702706851318502,1.0,arc,-10139967.852982124,left,0.00026870094342663214,right,-0.04642540500277559,low,-0.006741821765899658,True,0.9997524269593567,arc,-1.4619327159730984
0.9031685264074554,True,True,0.9498638838367346,True,True,0.9084043026722395,True,True,0.9013041206893015,True,True,0.8798392407080304,True,False,palm,1.144721175026486,tips,0.6628917783784165,urnal,0.5032951855391286,0.45109492221974873,0.0,0.5864393357014301,0.8020740045180528,0.8044172463611052,0.33082110896788036,0.8348019144785008,1.0,low,-0.03607996872493202,0.8216082632658265,True,False,0.9544002832654818,True,True,0.9367362176736832,True,True,0.9545247187017103,True,True,0.9550799197588185,True,True,back,0.5953404523479047,tips,0.3284709327762222,urnal,0.23239430115003787,0.0,0.38835102513331016,0.47089396548575935,0.5599001072954728,0.7131306946095317,0.732439707105244,0.8020828385085215,1.0,arc,-152119023.52989626,left,0.020698135453508425,right,-0.08141947927929105,low,-0.0010858944484165578,True,0.9995629832109242,arc,-2.7498412301791055
0.9059094552907274,True,True,0.9438327473910723,True,True,0.7910448801364018,True,False,0.9065199686032506,True,True,0.8869818140359009,True,False,palm,1.2252774152938732,tips,0.4027100715118256,urnal,0.44156031396638723,0.4000958353651971,0.0,0.5602309153935778,0.7740203703993195,0.781198694377032,0.319984709192221,0.8282314452210798,0.9999999999999999,high,0.016359476816086516,0.8891818698446836,True,True,0.9428293887277247,True,True,0.9307990583816896,True,True,0.95231501000428,True,True,0.9507371936316246,True,True,back,0.5708081310215085,tips,0.3481223788163735,urnal,0.21059913264952618,0.0,0.39608780474732347,0.47117506912165336,0.5704425742827581,0.7236540951607251,0.7424736589112425,0.8010760779726134,1.0,arc,-687301648.9241555,left,0.010913547455878699,right,-0.06246413503374382,low,-0.0025958674294607187,True,0.9993667509630693,arc,-7.509424093568987
0.8297247406211353,True,False,0.9197123657640783,True,True,0.9072079220419111,True,True,0.8451314015108957,True,False,0.7447307337158355,True,False,palm,0.8142180678936752,tips,0.22413700771608197,urnal,0.5696634483011958,0.352084923888613,0.0,0.5491615777870058,0.7669434729697957,0.7862038840010666,0.31210106257311987,0.8039654852663192,1.0,high,0.017497213113875643,0.8600375633551006,True,False,0.9402497365191268,True,True,0.9261971388796559,True,True,0.9511937273914898,True,True,0.9436555361399618,True,True,back,0.5781014589105017,tips,0.35023002635336326,urnal,0.2395952935964973,0.0,0.40231525527810086,0.477808174449967,0.5839652604150243,0.7411903714878397,0.7639317665793118,0.7778027806395075,1.0,arc,-764462778.4445373,right,-0.008804056793589358,right,-0.04418195996965679,low,-0.0007849619502113825,True,0.9991929630587193,arc,-18.380131904267607
0.9200913893732251,True,True,0.9629438560380363,True,True,0.9895546607508456,True,True,0.9459241431801565,True,True,0.9325226144839066,True,True,palm,1.3108952842962227,tips,0.3529439639006509,urnal,0.37241952244879356,0.38916702559336797,0.0,0.5129902214989277,0.7468786515160548,0.7502481093003697,0.26713465398304753,0.6649399222721859,1.0,low,-0.035021191551571795,0.8600375633551006,True,False,0.9402497365191268,True,True,0.9261971388796559,True,True,0.9511937273914898,True,True,0.9436555361399618,True,True,back,0.5781014589105017,tips,0.35023002635336326,urnal,0.2395952935964973,0.0,0.40231525527810086,0.477808174449967,0.5839652604150243,0.7411903714878397,0.7639317665793118,0.7778027806395075,1.0,,,left,0.0008048408897849413,right,-0.07920315152122859,low,-0.0007849619502113825,True,0.9991929630587193,arc,-18.380131904267607
0.9200913893732251,True,True,0.9629438560380363,True,True,0.9895546607508456,True,True,0.9459241431801565,True,True,0.9325226144839066,True,True,palm,1.3108952842962227,tips,0.3529439639006509,urnal,0.37241952244879356,0.38916702559336797,0.0,0.5129902214989277,0.7468786515160548,0.7502481093003697,0.26713465398304753,0.6649399222721859,1.0,low,-0.035021191551571795,0.8600375633551006,True,False,0.9402497365191268,True,True,0.9261971388796559,True,True,0.9511937273914898,True,True,0.9436555361399618,True,True,back,0.5781014589105017,tips,0.35023002635336326,urnal,0.2395952935964973,0.0,0.40231525527810086,0.477808174449967,0.5839652604150243,0.7411903714878397,0.7639317665793118,0.7778027806395075,1.0,,,left,0.0008048408897849413,right,-0.07920315152122859,low,-0.0007849619502113825,True,0.9991929630587193,arc,-18.380131904267607
0.9200913893732251,True,True,0.9629438560380363,True,True,0.9895546607508456,True,True,0.9459241431801565,True,True,0.9325226144839066,True,True,palm,1.3108952842962227,tips,0.3529439639006509,urnal,0.37241952244879356,0.38916702559336797,0.0,0.5129902214989277,0.7468786515160548,0.7502481093003697,0.26713465398304753,0.6649399222721859,1.0,low,-0.035021191551571795,0.8600375633551006,True,False,0.9402497365191268,True,True,0.9261971388796559,True,True,0.9511937273914898,True,True,0.9436555361399618,True,True,back,0.5781014589105017,tips,0.35023002635336326,urnal,0.2395952935964973,0.0,0.40231525527810086,0.477808174449967,0.5839652604150243,0.7411903714878397,0.7639317665793118,0.7778027806395075,1.0,,,left,0.0008048408897849413,right,-0.07920315152122859,low,-0.0007849619502113825,True,0.9991929630587193,arc,-18.380131904267607
0.9200913893732251,True,True,0.9629438560380363,True,True,0.9895546607508456,True,True,0.9459241431801565,True,True,0.9325226144839066,True,True,palm,1.3108952842962227,tips,0.3529439639006509,urnal,0.37241952244879356,0.38916702559336797,0.0,0.5129902214989277,0.7468786515160548,0.7502481093003697,0.26713465398304753,0.6649399222721859,1.0,low,-0.035021191551571795,0.8600375633551006,True,False,0.9402497365191268,True,True,0.9261971388796559,True,True,0.9511937273914898,True,True,0.9436555361399618,True,True,back,0.5781014589105017,tips,0.35023002635336326,urnal,0.2395952935964973,0.0,0.40231525527810086,0.477808174449967,0.5839652604150243,0.7411903714878397,0.7639317665793118,0.7778027806395075,1.0,,,left,0.0008048408897849413,right,-0.07920315152122859,low,-0.0007849619502113825,True,0.9991929630587193,arc,-18.380131904267607
0.9200913893732251,True,True,0.9629438560380363,True,True,0.9895546607508456,True,True,0.9459241431801565,True,True,0.9325226144839066,True,True,palm,1.3108952842962227,tips,0.3529439639006509,urnal,0.37241952244879356,0.38916702559336797,0.0,0.5129902214989277,0.7468786515160548,0.7502481093003697,0.26713465398304753,0.6649399222721859,1.0,low,-0.035021191551571795,0.8600375633551006,True,False,0.9402497365191268,True,True,0.9261971388796559,True,True,0.9511937273914898,True,True,0.9436555361399618,True,True,back,0.5781014589105017,tips,0.35023002635336326,urnal,0.2395952935964973,0.0,0.40231525527810086,0.477808174449967,0.5839652604150243,0.7411903714878397,0.7639317665793118,0.7778027806395075,1.0,,,left,0.0008048408897849413,right,-0.07920315152122859,low,-0.0007849619502113825,True,0.9991929630587193,arc,-18.380131904267607
0.9200913893732251,True,True,0.9629438560380363,True,True,0.9895546607508456,True,True,0.9459241431801565,True,True,0.9325226144839066,True,True,palm,1.3108952842962227,tips,0.3529439639006509,urnal,0.37241952244879356,0.38916702559336797,0.0,0.5129902214989277,0.7468786515160548,0.7502481093003697,0.26713465398304753,0.6649399222721859,1.0,low,-0.035021191551571795,0.8600375633551006,True,False,0.9402497365191268,True,True,0.9261971388796559,True,True,0.9511937273914898,True,True,0.9436555361399618,True,True,back,0.5781014589105017,tips,0.35023002635336326,urnal,0.2395952935964973,0.0,0.40231525527810086,0.477808174449967,0.5839652604150243,0.7411903714878397,0.7639317665793118,0.7778027806395075,1.0,,,left,0.0008048408897849413,right,-0.07920315152122859,low,-0.0007849619502113825,True,0.9991929630587193,arc,-18.380131904267607
0.9200913893732251,True,True,0.9629438560380363,True,True,0.9895546607508456,True,True,0.9459241431801565,True,True,0.9325226144839066,True,True,palm,1.3108952842962227,tips,0.3529439639006509,urnal,0.37241952244879356,0.38916702559336797,0.0,0.5129902214989277,0.7468786515160548,0.7502481093003697,0.26713465398304753,0.6649399222721859,1.0,low,-0.035021191551571795,0.8600375633551006,True,False,0.9402497365191268,True,True,0.9261971388796559,True,True,0.9511937273914898,True,True,0.9436555361399618,True,True,back,0.5781014589105017,tips,0.35023002635336326,urnal,0.2395952935964973,0.0,0.40231525527810086,0.477808174449967,0.5839652604150243,0.7411903714878397,0.7639317665793118,0.7778027806395075,1.0,,,left,0.0008048408897849413,right,-0.07920315152122859,low,-0.0007849619502113825,True,0.9991929630587193,arc,-18.380131904267607
0.9200913893732251,True,True,0.9629438560380363,True,True,0.9895546607508456,True,True,0.9459241431801565,True,True,0.9325226144839066,True,True,palm,1.3108952842962227,tips,0.3529439639006509,urnal,0.37241952244879356,0.38916702559336797,0.0,0.5129902214989277,0.7468786515160548,0.7502481093003697,0.26713465398304753,0.6649399222721859,1.0,low,-0.035021191551571795,0.8600375633551006,True,False,0.9402497365191268,True,True,0.9261971388796559,True,True,0.9511937273914898,True,True,0.9436555361399618,True,True,back,0.5781014589105017,tips,0.35023002635336326,urnal,0.2395952935964973,0.0,0.40231525527810086,0.477808174449967,0.5839652604150243,0.7411903714878397,0.7639317665793118,0.7778027806395075,1.0,,,left,0.0008048408897849413,right,-0.07920315152122859,low,-0.0007849619502113825,True,0.9991929630587193,arc,-18.380131904267607
0.9200913893732251,True,True,0.9629438560380363,True,True,0.9895546607508456,True,True,0.9459241431801565,True,True,0.9325226144839066,True,True,palm,1.3108952842962227,tips,0.3529439639006509,urnal,0.37241952244879356,0.38916702559336797,0.0,0.5129902214989277,0.7468786515160548,0.7502481093003697,0.26713465398304753,0.6649399222721859,1.0,low,-0.035021191551571795,0.8600375633551006,True,False,0.9402497365191268,True,True,0.9261971388796559,True,True,0.9511937273914898,True,True,0.9436555361399618,True,True,back,0.5781014589105017,tips,0.35023002635336326,urnal,0.2395952935964973,0.0,0.40231525527810086,0.477808174449967,0.5839652604150243,0.7411903714878397,0.7639317665793118,0.7778027806395075,1.0,,,left,0.0008048408897849413,right,-0.07920315152122859,low,-0.0007849619502113825,True,0.9991929630587193,arc,-18.380131904267607
0.9200913893732251,True,True,0.9629438560380363,True,True,0.9895546607508456,True,True,0.9459241431801565,True,True,0.9325226144839066,True,True,palm,1.3108952842962227,tips,0.3529439639006509,urnal,0.37241952244879356,0.38916702559336797,0.0,0.5129902214989277,0.7468786515160548,0.7502481093003697,0.26713465398304753,0.6649399222721859,1.0,low,-0.035021191551571795,0.8600375633551006,True,False,0.9402497365191268,True,True,0.9261971388796559,True,True,0.9511937273914898,True,True,0.9436555361399618,True,True,back,0.5781014589105017,tips,0.35023002635336326,urnal,0.2395952935964973,0.0,0.40231525527810086,0.477808174449967,0.5839652604150243,0.7411903714878397,0.7639317665793118,0.7778027806395075,1.0,,,left,0.0008048408897849413,right,-0.07920315152122859,low,-0.0007849619502113825,True,0.9991929630587193,arc,-18.380131904267607
0.9200913893732251,True,True,0.9629438560380363,True,True,0.9895546607508456,True,True,0.9459241431801565,True,True,0.9325226144839066,True,True,palm,1.3108952842962227,tips,0.3529439639006509,urnal,0.37241952244879356,0.38916702559336797,0.0,0.5129902214989277,0.7468786515160548,0.7502481093003697,0.26713465398304753,0.6649399222721859,1.0,low,-0.035021191551571795,0.8600375633551006,True,False,0.9402497365191268,True,True,0.9261971388796559,True,True,0.9511937273914898,True,True,0.9436555361399618,True,True,back,0.5781014589105017,tips,0.35023002635336326,urnal,0.2395952935964973,0.0,0.40231525527810086,0.477808174449967,0.5839652604150243,0.7411903714878397,0.7639317665793118,0.7778027806395075,1.0,,,left,0.0008048408897849413,right,-0.07920315152122859,low,-0.0007849619502113825,True,0.9991929630587193,arc,-18.380131904267607
0.9200913893732251,True,True,0.9629438560380363,True,True,0.9895546607508456,True,True,0.9459241431801565,True,True,0.9325226144839066,True,True,palm,1.3108952842962227,tips,0.3529439639006509,urnal,0.37241952244879356,0.38916702559336797,0.0,0.5129902214989277,0.7468786515160548,0.7502481093003697,0.26713465398304753,0.6649399222721859,1.0,low,-0.035021191551571795,0.8600375633551006,True,False,0.9402497365191268,True,True,0.9261971388796559,True,True,0.9511937273914898,True,True,0.9436555361399618,True,True,back,0.5781014589105017,tips,0.35023002635336326,urnal,0.2395952935964973,0.0,0.40231525527810086,0.477808174449967,0.5839652604150243,0.7411903714878397,0.7639317665793118,0.7778027806395075,1.0,,,left,0.0008048408897849413,right,-0.07920315152122859,low,-0.0007849619502113825,True,0.9991929630587193,arc,-18.380131904267607
0.9200913893732251,True,True,0.9629438560380363,True,True,0.9895546607508456,True,True,0.9459241431801565,True,True,0.9325226144839066,True,True,palm,1.3108952842962227,tips,0.3529439639006509,urnal,0.37241952244879356,0.38916702559336797,0.0,0.5129902214989277,0.7468786515160548,0.7502481093003697,0.26713465398304753,0.6649399222721859,1.0,low,-0.035021191551571795,0.8600375633551006,True,False,0.9402497365191268,True,True,0.9261971388796559,True,True,0.9511937273914898,True,True,0.9436555361399618,True,True,back,0.5781014589105017,tips,0.35023002635336326,urnal,0.2395952935964973,0.0,0.40231525527810086,0.477808174449967,0.5839652604150243,0.7411903714878397,0.7639317665793118,0.7778027806395075,1.0,,,left,0.0008048408897849413,right,-0.07920315152122859,low,-0.0007849619502113825,True,0.9991929630587193,arc,-18.380131904267607
0.9200913893732251,True,True,0.9629438560380363,True,True,0.9895546607508456,True,True,0.9459241431801565,True,True,0.9325226144839066,True,True,palm,1.3108952842962227,tips,0.3529439639006509,urnal,0.37241952244879356,0.38916702559336797,0.0,0.5129902214989277,0.7468786515160548,0.7502481093003697,0.26713465398304753,0.6649399222721859,1.0,low,-0.035021191551571795,0.8600375633551006,True,False,0.9402497365191268,True,True,0.9261971388796559,True,True,0.9511937273914898,True,True,0.9436555361399618,True,True,back,0.5781014589105017,tips,0.35023002635336326,urnal,0.2395952935964973,0.0,0.40231525527810086,0.477808174449967,0.5839652604150243,0.7411903714878397,0.7639317665793118,0.7778027806395075,1.0,,,left,0.0008048408897849413,right,-0.07920315152122859,low,-0.0007849619502113825,True,0.9991929630587193,arc,-18.380131904267607
0.9200913893732251,True,True,0.9629438560380363,True,True,0.9895546607508456,True,True,0.9459241431801565,True,True,0.9325226144839066,True,True,palm,1.3108952842962227,tips,0.3529439639006509,urnal,0.37241952244879356,0.38916702559336797,0.0,0.5129902214989277,0.7468786515160548,0.7502481093003697,0.26713465398304753,0.6649399222721859,1.0,low,-0.035021191551571795,0.8600375633551006,True,False,0.9402497365191268,True,True,0.9261971388796559,True,True,0.9511937273914898,True,True,0.9436555361399618,True,True,back,0.5781014589105017,tips,0.35023002635336326,urnal,0.2395952935964973,0.0,0.40231525527810086,0.477808174449967,0.5839652604150243,0.7411903714878397,0.7639317665793118,0.7778027806395075,1.0,,,left,0.0008048408897849413,right,-0.07920315152122859,low,-0.0007849619502113825,True,0.9991929630587193,arc,-18.380131904267607
0.9200913893732251,True,True,0.9629438560380363,True,True,0.9895546607508456,True,True,0.9459241431801565,True,True,0.9325226144839066,True,True,palm,1.3108952842962227,tips,0.3529439639006509,urnal,0.37241952244879356,0.38916702559336797,0.0,0.5129902214989277,0.7468786515160548,0.7502481093003697,0.26713465398304753,0.6649399222721859,1.0,low,-0.035021191551571795,0.8600375633551006,True,False,0.9402497365191268,True,True,0.9261971388796559,True,True,0.9511937273914898,True,True,0.9436555361399618,True,True,back,0.5781014589105017,tips,0.35023002635336326,urnal,0.2395952935964973,0.0,0.40231525527810086,0.477808174449967,0.5839652604150243,0.7411903714878397,0.7639317665793118,0.7778027806395075,1.0,,,left,0.0008048408897849413,right,-0.07920315152122859,low,-0.0007849619502113825,True,0.9991929630587193,arc,-18.380131904267607
0.9200913893732251,True,True,0.9629438560380363,True,True,0.9895546607508456,True,True,0.9459241431801565,True,True,0.9325226144839066,True,True,palm,1.3108952842962227,tips,0.3529439639006509,urnal,0.37241952244879356,0.38916702559336797,0.0,0.5129902214989277,0.7468786515160548,0.7502481093003697,0.26713465398304753,0.6649399222721859,1.0,low,-0.035021191551571795,0.8600375633551006,True,False,0.9402497365191268,True,True,0.9261971388796559,True,True,0.9511937273914898,True,True,0.9436555361399618,True,True,back,0.5781014589105017,tips,0.35023002635336326,urnal,0.2395952935964973,0.0,0.40231525527810086,0.477808174449967,0.5839652604150243,0.7411903714878397,0.7639317665793118,0.7778027806395075,1.0,,,left,0.0008048408897849413,right,-0.07920315152122859,low,-0.0007849619502113825,True,0.9991929630587193,arc,-18.380131904267607
0.9200913893732251,True,True,0.9629438560380363,True,True,0.9895546607508456,True,True,0.9459241431801565,True,True,0.9325226144839066,True,True,palm,1.3108952842962227,tips,0.3529439639006509,urnal,0.37241952244879356,0.38916702559336797,0.0,0.5129902214989277,0.7468786515160548,0.7502481093003697,0.26713465398304753,0.6649399222721859,1.0,low,-0.035021191551571795,0.8600375633551006,True,False,0.9402497365191268,True,True,0.9261971388796559,True,True,0.9511937273914898,True,True,0.9436555361399618,True,True,back,0.5781014589105017,tips,0.35023002635336326,urnal,0.2395952935964973,0.0,0.40231525527810086,0.477808174449967,0.5839652604150243,0.7411903714878397,0.7639317665793118,0.7778027806395075,1.0,,,left,0.0008048408897849413,right,-0.07920315152122859,low,-0.0007849619502113825,True,0.9991929630587193,arc,-18.380131904267607
